episode,total_reward,epsilon,buffer_size,keep_ratio,next_ratio,traffic_N,traffic_S,traffic_E,traffic_W
1,-138.84,0.995,720,0.497,0.503,1043,387,734,1095
2,-74.7,0.99,1440,0.519,0.481,409,1128,708,496
3,-137.63,0.9851,2160,0.504,0.496,1182,484,963,549
4,-6.37,0.9801,2880,0.526,0.474,327,491,661,616
5,-68.3,0.9752,3600,0.461,0.539,962,1120,585,552
6,-134.06,0.9704,4320,0.497,0.503,867,1074,620,927
7,-40.14,0.9655,5040,0.469,0.531,450,1004,300,311
8,-155.67,0.9607,5760,0.497,0.503,979,960,914,1159
9,-90.73,0.9559,6480,0.525,0.475,774,740,605,956
10,-93.32,0.9511,7200,0.496,0.504,605,413,736,821
11,-2.15,0.9464,7920,0.482,0.518,469,499,502,382
12,-152.99,0.9416,8640,0.486,0.514,814,1140,1130,494
13,-103.73,0.9369,9360,0.526,0.474,456,854,1068,1003
14,-73.56,0.9322,10080,0.476,0.524,470,652,1095,781
15,-161.66,0.9276,10800,0.476,0.524,614,744,801,929
16,-66.81,0.9229,11520,0.5,0.5,740,646,396,723
17,-103.82,0.9183,12240,0.494,0.506,743,605,621,963
18,-79.1,0.9137,12960,0.478,0.522,985,569,958,530
19,-47.13,0.9092,13680,0.474,0.526,655,543,705,1177
20,-147.06,0.9046,14400,0.474,0.526,1189,1180,1107,656
21,-72.75,0.9001,15120,0.478,0.522,636,706,1147,434
22,-96.21,0.8956,15840,0.506,0.494,525,775,690,562
23,-112.65,0.8911,16560,0.511,0.489,1041,930,1171,469
24,-165.15,0.8867,17280,0.506,0.494,783,656,1034,1107
25,-105.11,0.8822,18000,0.497,0.503,1137,1097,1082,711
26,-80.37,0.8778,18720,0.493,0.507,725,379,450,1126
27,-69.49,0.8734,19440,0.537,0.463,899,527,682,993
28,-46.24,0.8691,20160,0.489,0.511,544,696,850,520
29,-9.09,0.8647,20880,0.515,0.485,729,679,321,512
30,-97.92,0.8604,21600,0.526,0.474,971,819,888,431
31,-44.39,0.8561,22320,0.522,0.478,779,594,499,717
32,-90.15,0.8518,23040,0.499,0.501,1100,857,553,349
33,-75.95,0.8475,23760,0.475,0.525,312,998,583,549
34,-51.8,0.8433,24480,0.533,0.467,979,503,557,669
35,-115.19,0.8391,25200,0.494,0.506,1013,427,948,962
36,-112.24,0.8349,25920,0.51,0.49,863,527,875,775
37,-98.43,0.8307,26640,0.524,0.476,578,620,1030,927
38,-51.15,0.8266,27360,0.5,0.5,668,946,338,743
39,-173.64,0.8224,28080,0.525,0.475,1070,770,1196,723
40,-111.72,0.8183,28800,0.517,0.483,319,1068,588,893
41,-102.27,0.8142,29520,0.504,0.496,329,723,793,835
42,-64.62,0.8102,30240,0.524,0.476,324,1038,835,368
43,-55.41,0.8061,30960,0.467,0.533,303,584,324,1047
44,-120.92,0.8021,31680,0.474,0.526,694,755,1183,967
45,-106.01,0.7981,32400,0.533,0.467,832,1096,797,504
46,-44.44,0.7941,33120,0.479,0.521,959,538,360,367
47,-166.63,0.7901,33840,0.522,0.478,1192,890,1079,1036
48,-66.45,0.7862,34560,0.486,0.514,505,592,1194,955
49,-124.24,0.7822,35280,0.463,0.537,1053,959,317,1066
50,-58.48,0.7783,36000,0.518,0.482,987,993,494,543
51,-75.85,0.7744,36720,0.511,0.489,861,853,619,1157
52,-21.49,0.7705,37440,0.542,0.458,462,338,386,1185
53,-69.92,0.7667,38160,0.504,0.496,1140,308,527,856
54,-159.82,0.7629,38880,0.487,0.512,944,1056,656,1078
55,-100.06,0.759,39600,0.46,0.54,312,1059,1183,654
56,-94.12,0.7553,40320,0.489,0.511,518,950,578,975
57,-37.4,0.7515,41040,0.504,0.496,523,358,492,803
58,-38.19,0.7477,41760,0.479,0.521,824,363,446,333
59,-53.63,0.744,42480,0.449,0.551,391,619,799,1099
60,-113.05,0.7403,43200,0.496,0.504,1140,660,793,1139
61,-11.79,0.7366,43920,0.476,0.524,714,614,633,469
62,-58.06,0.7329,44640,0.506,0.494,1153,348,333,1035
63,-149.54,0.7292,45360,0.499,0.501,1059,757,1171,1080
64,-61.51,0.7256,46080,0.478,0.522,880,395,944,418
65,-43.32,0.7219,46800,0.515,0.485,831,584,675,686
66,-70.65,0.7183,47520,0.471,0.529,1157,670,1075,372
67,-48.6,0.7147,48240,0.535,0.465,586,1156,1095,439
68,-24.38,0.7112,48960,0.464,0.536,442,501,880,1047
69,-54.11,0.7076,49680,0.5,0.5,1003,304,1067,468
70,-112.52,0.7041,50000,0.439,0.561,510,1086,897,768
71,-51.13,0.7005,50000,0.528,0.472,351,1065,514,871
72,-93.6,0.697,50000,0.489,0.511,852,448,428,1051
73,-109.64,0.6936,50000,0.494,0.506,843,899,850,615
74,-76.24,0.6901,50000,0.524,0.476,358,929,399,1181
75,-74.38,0.6866,50000,0.504,0.496,1007,494,1117,830
76,-103.49,0.6832,50000,0.426,0.574,1192,1107,391,892
77,-145.16,0.6798,50000,0.467,0.533,728,918,1035,752
78,-51.63,0.6764,50000,0.493,0.507,441,830,1198,675
79,-60.84,0.673,50000,0.496,0.504,501,832,1089,478
80,-26.47,0.6696,50000,0.524,0.476,1067,764,457,552
81,-30.56,0.6663,50000,0.467,0.533,338,513,594,1101
82,-68.31,0.663,50000,0.456,0.544,371,1123,397,1127
83,-87.62,0.6597,50000,0.471,0.529,631,907,1186,1073
84,-84.01,0.6564,50000,0.49,0.51,803,831,512,766
85,-37.72,0.6531,50000,0.479,0.521,331,509,1079,780
86,-30.2,0.6498,50000,0.503,0.497,944,541,546,476
87,-97.3,0.6466,50000,0.486,0.514,563,657,992,1158
88,-81.78,0.6433,50000,0.478,0.522,986,384,680,530
89,-102.95,0.6401,50000,0.432,0.568,507,793,805,850
90,-176.78,0.6369,50000,0.451,0.549,695,794,1093,1139
91,-1.24,0.6337,50000,0.499,0.501,414,312,445,317
92,-165.69,0.6306,50000,0.461,0.539,848,1000,832,852
93,-67.77,0.6274,50000,0.475,0.525,558,1029,859,639
94,-75.8,0.6243,50000,0.482,0.518,1048,751,759,305
95,-72.17,0.6211,50000,0.51,0.49,567,1189,808,897
96,-89.34,0.618,50000,0.476,0.524,867,474,1132,949
97,-98.61,0.6149,50000,0.482,0.518,856,1050,901,653
98,-62.27,0.6119,50000,0.45,0.55,1027,655,688,493
99,-105.09,0.6088,50000,0.468,0.532,492,929,1019,1130
100,-29.81,0.6058,50000,0.494,0.506,672,1140,585,408
101,-148.66,0.6027,50000,0.51,0.49,930,1164,1142,985
102,-130.05,0.5997,50000,0.49,0.51,654,1126,1000,898
103,-51.15,0.5967,50000,0.433,0.567,895,337,978,744
104,-121.41,0.5937,50000,0.476,0.524,1080,1119,1082,1164
105,-26.96,0.5908,50000,0.496,0.504,476,356,900,630
106,-146.13,0.5878,50000,0.467,0.533,1091,917,708,991
107,-73.3,0.5849,50000,0.529,0.471,373,1070,556,975
108,-122.13,0.582,50000,0.424,0.576,782,622,1167,909
109,-3.3,0.579,50000,0.481,0.519,358,757,513,485
110,-81.56,0.5762,50000,0.499,0.501,1072,515,831,442
111,-58.68,0.5733,50000,0.454,0.546,464,415,836,982
112,-27.68,0.5704,50000,0.481,0.519,460,417,657,1148
113,-71.7,0.5676,50000,0.551,0.449,494,816,1187,490
114,-43.06,0.5647,50000,0.528,0.472,601,485,672,881
115,-5.64,0.5619,50000,0.515,0.485,555,578,413,839
116,-1.11,0.5591,50000,0.493,0.507,352,455,717,404
117,-109.38,0.5563,50000,0.493,0.507,931,961,379,759
118,-48.12,0.5535,50000,0.507,0.493,512,640,1139,806
119,-51.99,0.5507,50000,0.536,0.464,594,566,955,936
120,-2.89,0.548,50000,0.501,0.499,649,591,564,798
121,-19.57,0.5452,50000,0.461,0.539,434,364,689,1124
122,-67.72,0.5425,50000,0.56,0.44,787,968,1039,651
123,-62.31,0.5398,50000,0.529,0.471,773,946,854,524
124,-107.6,0.5371,50000,0.539,0.461,1007,888,974,861
125,-154.1,0.5344,50000,0.487,0.512,1051,534,1168,926
126,-35.79,0.5318,50000,0.51,0.49,793,833,579,560
127,-6.42,0.5291,50000,0.564,0.436,717,445,795,678
128,-61.81,0.5264,50000,0.579,0.421,715,623,770,865
129,-58.68,0.5238,50000,0.54,0.46,737,772,875,999
130,-1.35,0.5212,50000,0.428,0.572,383,462,414,375
131,-66.11,0.5186,50000,0.581,0.419,1026,353,515,970
132,-107.95,0.516,50000,0.511,0.489,745,741,1084,894
133,-15.64,0.5134,50000,0.568,0.432,1062,659,644,660
134,-75.15,0.5108,50000,0.553,0.447,802,700,782,1013
135,-65.14,0.5083,50000,0.528,0.472,414,372,1146,1163
136,-60.73,0.5058,50000,0.519,0.481,1017,308,864,377
137,-93.21,0.5032,50000,0.544,0.456,846,1109,864,402
138,-71.0,0.5007,50000,0.504,0.496,836,889,1137,830
139,-33.65,0.4982,50000,0.588,0.412,515,581,998,883
140,-103.0,0.4957,50000,0.518,0.482,968,766,1147,834
141,-18.6,0.4932,50000,0.54,0.46,776,619,528,1042
142,-58.93,0.4908,50000,0.576,0.424,1091,386,995,739
143,-31.88,0.4883,50000,0.554,0.446,931,357,434,481
144,-84.57,0.4859,50000,0.567,0.433,897,1077,873,723
145,-52.37,0.4834,50000,0.537,0.463,637,1149,1195,530
146,-55.22,0.481,50000,0.594,0.406,658,803,1055,384
147,-24.55,0.4786,50000,0.514,0.486,303,858,587,1139
148,-25.18,0.4762,50000,0.396,0.604,445,581,591,983
149,-9.27,0.4738,50000,0.568,0.432,725,397,415,757
150,-75.57,0.4715,50000,0.542,0.458,861,833,1121,731
151,-6.28,0.4691,50000,0.533,0.467,861,730,419,533
152,-34.65,0.4668,50000,0.467,0.533,310,440,543,1171
153,-20.24,0.4644,50000,0.546,0.454,987,581,358,487
154,-37.0,0.4621,50000,0.553,0.447,468,531,890,551
155,-6.93,0.4598,50000,0.604,0.396,390,630,869,493
156,-49.21,0.4575,50000,0.574,0.426,512,833,777,609
157,-49.05,0.4552,50000,0.535,0.465,614,1198,1087,400
158,-6.03,0.4529,50000,0.554,0.446,395,536,382,597
159,-24.47,0.4507,50000,0.576,0.424,467,930,634,660
160,-43.86,0.4484,50000,0.556,0.444,545,902,392,968
161,-25.14,0.4462,50000,0.557,0.443,1098,485,300,621
162,-28.12,0.444,50000,0.567,0.433,1187,332,668,552
163,-3.08,0.4417,50000,0.507,0.493,565,842,490,381
164,-107.0,0.4395,50000,0.551,0.449,1122,1072,1034,935
165,-84.0,0.4373,50000,0.56,0.44,1042,955,795,567
166,-4.41,0.4351,50000,0.482,0.518,455,681,621,650
167,-8.66,0.433,50000,0.583,0.417,390,693,854,307
168,-134.0,0.4308,50000,0.532,0.468,945,1086,1187,1121
169,-41.94,0.4286,50000,0.546,0.454,538,760,1064,435
170,-47.38,0.4265,50000,0.508,0.492,1176,866,545,614
171,-69.17,0.4244,50000,0.578,0.422,419,1149,912,1023
172,-42.12,0.4223,50000,0.531,0.469,1172,480,598,1029
173,-5.13,0.4201,50000,0.511,0.489,309,613,413,866
174,-56.36,0.418,50000,0.603,0.397,629,926,981,409
175,-50.52,0.4159,50000,0.597,0.403,817,1011,1172,532
176,-71.55,0.4139,50000,0.59,0.41,1084,475,722,717
177,-86.08,0.4118,50000,0.574,0.426,1023,1044,1056,1148
178,-51.52,0.4097,50000,0.553,0.447,891,669,673,862
179,-35.06,0.4077,50000,0.599,0.401,799,951,663,363
180,-44.04,0.4057,50000,0.525,0.475,731,618,1080,932
181,-95.66,0.4036,50000,0.543,0.457,780,925,1186,964
182,-9.85,0.4016,50000,0.44,0.56,654,772,410,560
183,-45.11,0.3996,50000,0.557,0.443,961,574,339,1021
184,-18.26,0.3976,50000,0.597,0.403,321,812,834,313
185,-10.67,0.3956,50000,0.579,0.421,834,599,506,1089
186,-4.58,0.3936,50000,0.464,0.536,487,543,438,373
187,-40.41,0.3917,50000,0.519,0.481,682,831,623,759
188,-8.78,0.3897,50000,0.403,0.597,346,764,371,417
189,-51.16,0.3878,50000,0.6,0.4,1026,995,829,381
190,-42.96,0.3858,50000,0.489,0.511,1024,385,359,584
191,-62.08,0.3839,50000,0.589,0.411,1015,1127,723,423
192,-40.73,0.382,50000,0.561,0.439,724,760,598,864
193,-91.31,0.3801,50000,0.531,0.469,433,1090,1124,1129
194,-43.31,0.3782,50000,0.526,0.474,508,1113,367,965
195,-130.38,0.3763,50000,0.604,0.396,526,1146,971,728
196,-2.13,0.3744,50000,0.449,0.551,507,525,396,525
197,-17.48,0.3725,50000,0.457,0.543,509,607,732,913
198,-44.0,0.3707,50000,0.601,0.399,786,512,1053,387
199,-17.59,0.3688,50000,0.494,0.506,480,1052,569,626
200,-63.66,0.367,50000,0.553,0.447,525,1053,450,1040
201,-75.13,0.3651,50000,0.603,0.397,966,1139,665,936
202,-36.04,0.3633,50000,0.518,0.482,357,892,585,679
203,-42.35,0.3615,50000,0.589,0.411,530,1105,760,648
204,-51.57,0.3597,50000,0.489,0.511,565,310,1166,446
205,-33.84,0.3579,50000,0.492,0.508,850,485,625,1012
206,-34.18,0.3561,50000,0.542,0.458,308,586,1150,1165
207,-2.0,0.3543,50000,0.544,0.456,382,609,787,339
208,-53.5,0.3525,50000,0.55,0.45,534,686,1087,1010
209,-64.38,0.3508,50000,0.582,0.418,414,1091,1062,870
210,-77.81,0.349,50000,0.553,0.447,838,1115,993,914
211,-24.9,0.3473,50000,0.471,0.529,319,761,697,807
212,-7.73,0.3455,50000,0.5,0.5,892,524,381,493
213,-57.54,0.3438,50000,0.576,0.424,469,1180,460,1083
214,-66.58,0.3421,50000,0.438,0.562,996,378,479,1110
215,-34.55,0.3404,50000,0.476,0.524,878,365,587,696
216,-92.46,0.3387,50000,0.546,0.454,1043,972,557,1028
217,-16.31,0.337,50000,0.497,0.503,622,747,974,405
218,-52.75,0.3353,50000,0.581,0.419,474,1125,798,440
219,-2.18,0.3336,50000,0.522,0.478,765,359,502,518
220,-50.48,0.332,50000,0.562,0.438,976,1120,1013,694
221,-50.22,0.3303,50000,0.543,0.457,407,1142,475,964
222,-4.02,0.3286,50000,0.418,0.582,428,761,636,438
223,-49.7,0.327,50000,0.6,0.4,759,1140,604,1185
224,-56.79,0.3254,50000,0.5,0.5,1088,1013,479,663
225,-34.42,0.3237,50000,0.489,0.511,694,505,787,634
226,-84.25,0.3221,50000,0.487,0.512,890,712,712,689
227,-33.9,0.3205,50000,0.469,0.531,698,509,482,1065
228,-101.92,0.3189,50000,0.592,0.408,914,1123,1045,636
229,-32.72,0.3173,50000,0.446,0.554,731,575,852,503
230,-65.95,0.3157,50000,0.61,0.39,948,1194,890,467
231,-4.07,0.3141,50000,0.56,0.44,413,338,324,959
232,-10.17,0.3126,50000,0.368,0.632,823,740,612,342
233,-69.94,0.311,50000,0.471,0.529,1153,738,530,905
234,-75.98,0.3095,50000,0.55,0.45,879,312,843,900
235,-4.33,0.3079,50000,0.469,0.531,487,429,481,442
236,-29.56,0.3064,50000,0.599,0.401,470,310,601,959
237,-63.3,0.3048,50000,0.442,0.558,906,564,756,594
238,-73.59,0.3033,50000,0.526,0.474,1153,1175,381,1103
239,-61.4,0.3018,50000,0.504,0.496,445,756,907,329
240,-81.45,0.3003,50000,0.524,0.476,1003,823,1079,1054
241,-99.85,0.2988,50000,0.551,0.449,871,711,799,858
242,-41.51,0.2973,50000,0.471,0.529,593,926,309,750
243,-35.28,0.2958,50000,0.422,0.578,697,619,741,1134
244,-69.75,0.2943,50000,0.442,0.558,898,665,850,1056
245,-4.05,0.2929,50000,0.353,0.647,855,841,377,613
246,-87.93,0.2914,50000,0.533,0.467,927,751,999,1152
247,-40.36,0.2899,50000,0.482,0.518,886,504,915,530
248,-15.06,0.2885,50000,0.535,0.465,657,1052,582,451
249,-14.59,0.287,50000,0.503,0.497,1016,740,459,328
250,-34.29,0.2856,50000,0.429,0.571,665,390,472,871
251,-76.72,0.2842,50000,0.529,0.471,1148,1199,640,536
252,-21.48,0.2828,50000,0.472,0.528,434,404,1068,696
253,-4.7,0.2813,50000,0.578,0.422,381,373,549,436
254,-42.58,0.2799,50000,0.515,0.485,322,887,656,1079
255,-7.35,0.2785,50000,0.476,0.524,414,839,465,588
256,-93.06,0.2771,50000,0.465,0.535,1034,901,601,864
257,-3.3,0.2758,50000,0.551,0.449,315,420,808,799
258,-41.83,0.2744,50000,0.543,0.457,974,848,767,564
259,-70.6,0.273,50000,0.492,0.508,1038,760,896,1049
260,-65.78,0.2716,50000,0.576,0.424,1065,960,1159,380
261,-1.06,0.2703,50000,0.515,0.485,810,333,331,430
262,-9.46,0.2689,50000,0.453,0.547,737,520,792,817
263,-1.14,0.2676,50000,0.45,0.55,414,510,337,417
264,-86.02,0.2663,50000,0.436,0.564,1060,905,409,688
265,-74.43,0.2649,50000,0.501,0.499,1174,936,397,939
266,-4.84,0.2636,50000,0.487,0.512,677,761,759,415
267,-7.74,0.2623,50000,0.443,0.557,538,607,822,981
268,-4.52,0.261,50000,0.521,0.479,300,526,683,1014
269,-95.53,0.2597,50000,0.494,0.506,1097,1046,403,683
270,-34.14,0.2584,50000,0.572,0.428,445,1152,1172,401
271,-45.1,0.2571,50000,0.535,0.465,547,1094,899,313
272,-44.47,0.2558,50000,0.568,0.432,1049,430,580,796
273,-87.28,0.2545,50000,0.642,0.358,516,1066,1011,1199
274,-45.35,0.2532,50000,0.528,0.472,476,1160,929,495
275,-70.54,0.252,50000,0.439,0.561,1064,1158,477,1087
276,-72.98,0.2507,50000,0.499,0.501,1009,487,925,904
277,-45.86,0.2495,50000,0.553,0.447,924,801,910,596
278,-78.55,0.2482,50000,0.544,0.456,1018,795,1088,819
279,-70.31,0.247,50000,0.599,0.401,827,789,1131,720
280,-2.65,0.2457,50000,0.388,0.613,491,940,541,477
281,-44.59,0.2445,50000,0.635,0.365,1136,591,812,360
282,-50.27,0.2433,50000,0.518,0.482,697,882,1191,515
283,-53.67,0.2421,50000,0.501,0.499,685,538,1198,988
284,-33.98,0.2409,50000,0.543,0.457,720,763,1091,587
285,-93.86,0.2397,50000,0.429,0.571,1003,1175,463,646
286,-47.33,0.2385,50000,0.556,0.444,724,354,459,1067
287,-45.12,0.2373,50000,0.546,0.454,394,864,882,745
288,-60.77,0.2361,50000,0.435,0.565,373,818,362,866
289,-67.33,0.2349,50000,0.483,0.517,1124,1084,421,909
290,-80.95,0.2337,50000,0.482,0.518,1191,1170,1101,1171
291,-35.14,0.2326,50000,0.619,0.381,941,433,819,626
292,-61.0,0.2314,50000,0.483,0.517,1151,1119,536,873
293,-62.72,0.2302,50000,0.569,0.431,910,416,1057,929
294,-71.8,0.2291,50000,0.503,0.497,1199,984,439,1045
295,-39.26,0.2279,50000,0.575,0.425,1195,770,661,605
296,-20.43,0.2268,50000,0.531,0.469,718,487,1109,533
297,-50.13,0.2257,50000,0.483,0.517,849,846,1187,681
298,-57.96,0.2245,50000,0.532,0.468,725,945,1015,750
299,-56.7,0.2234,50000,0.443,0.557,988,912,808,1174
300,-23.13,0.2223,50000,0.517,0.483,1044,722,562,521
301,-19.78,0.2212,50000,0.547,0.453,576,468,575,1166
302,-35.66,0.2201,50000,0.492,0.508,680,425,958,1147
303,-38.51,0.219,50000,0.625,0.375,1120,679,1019,433
304,-11.0,0.2179,50000,0.675,0.325,336,391,1141,339
305,-16.4,0.2168,50000,0.569,0.431,431,491,511,1126
306,-2.17,0.2157,50000,0.506,0.494,572,635,689,740
307,-52.9,0.2146,50000,0.481,0.519,334,822,423,970
308,-60.72,0.2136,50000,0.572,0.428,781,1027,668,1065
309,-48.26,0.2125,50000,0.533,0.467,1167,958,306,897
310,-16.85,0.2114,50000,0.556,0.444,653,401,1012,809
311,-9.6,0.2104,50000,0.564,0.436,529,634,744,870
312,-15.95,0.2093,50000,0.597,0.403,522,927,448,455
313,-7.37,0.2083,50000,0.475,0.525,846,810,520,713
314,-6.62,0.2072,50000,0.571,0.429,554,1140,302,468
315,-44.82,0.2062,50000,0.565,0.435,350,1165,890,424
316,-9.27,0.2052,50000,0.59,0.41,627,442,990,715
317,-64.86,0.2041,50000,0.581,0.419,785,586,1099,1049
318,-2.06,0.2031,50000,0.456,0.544,542,401,338,700
319,-20.3,0.2021,50000,0.614,0.386,1111,453,536,926
320,-9.65,0.2011,50000,0.508,0.492,544,646,477,547
321,-57.13,0.2001,50000,0.604,0.396,768,1100,1187,380
322,-32.09,0.1991,50000,0.676,0.324,353,1044,349,1170
323,-29.64,0.1981,50000,0.482,0.518,779,813,368,1129
324,-41.02,0.1971,50000,0.468,0.532,974,914,375,695
325,-54.39,0.1961,50000,0.656,0.344,932,1042,859,818
326,-1.63,0.1951,50000,0.688,0.312,400,356,1014,324
327,-43.62,0.1942,50000,0.64,0.36,1139,301,1067,567
328,-36.9,0.1932,50000,0.565,0.435,394,912,1100,630
329,-51.72,0.1922,50000,0.494,0.506,795,932,609,770
330,-87.02,0.1913,50000,0.582,0.418,1099,1118,1076,310
331,-18.09,0.1903,50000,0.546,0.454,911,913,346,795
332,-12.56,0.1893,50000,0.568,0.432,1122,840,373,378
333,-5.2,0.1884,50000,0.481,0.519,679,679,548,486
334,-39.81,0.1875,50000,0.608,0.392,506,945,431,941
335,-56.01,0.1865,50000,0.494,0.506,956,900,363,1113
336,-1.77,0.1856,50000,0.393,0.607,662,464,327,650
337,-23.77,0.1847,50000,0.496,0.504,1136,1104,576,556
338,-66.99,0.1837,50000,0.618,0.382,555,1143,855,756
339,-58.83,0.1828,50000,0.571,0.429,946,1033,779,387
340,-23.61,0.1819,50000,0.535,0.465,575,687,904,1010
341,-56.87,0.181,50000,0.654,0.346,806,846,1172,990
342,-18.04,0.1801,50000,0.528,0.472,891,586,761,480
343,-28.21,0.1792,50000,0.625,0.375,625,1034,435,1185
344,-4.68,0.1783,50000,0.443,0.557,434,752,663,340
345,-12.03,0.1774,50000,0.471,0.529,302,342,530,994
346,-48.7,0.1765,50000,0.654,0.346,1058,395,423,1168
347,-44.96,0.1756,50000,0.61,0.39,519,1197,1057,556
348,-61.55,0.1748,50000,0.575,0.425,703,807,1010,1057
349,-26.87,0.1739,50000,0.449,0.551,567,482,1154,1126
350,-15.68,0.173,50000,0.519,0.481,524,309,937,1160
351,-21.91,0.1721,50000,0.56,0.44,669,526,1097,445
352,-30.12,0.1713,50000,0.454,0.546,659,692,573,1126
353,-17.96,0.1704,50000,0.685,0.315,485,953,323,863
354,-28.69,0.1696,50000,0.618,0.382,654,862,1074,831
355,-37.92,0.1687,50000,0.631,0.369,354,1080,399,1178
356,-5.99,0.1679,50000,0.457,0.543,841,347,777,450
357,-105.09,0.167,50000,0.694,0.306,900,1028,759,997
358,-33.71,0.1662,50000,0.629,0.371,1034,357,927,594
359,-24.85,0.1654,50000,0.569,0.431,1161,964,629,802
360,-21.56,0.1646,50000,0.519,0.481,336,612,625,1070
361,-25.55,0.1637,50000,0.647,0.353,1083,314,885,670
362,-20.46,0.1629,50000,0.593,0.407,457,609,1078,430
363,-35.67,0.1621,50000,0.338,0.662,392,317,922,960
364,-45.1,0.1613,50000,0.651,0.349,949,451,1144,860
365,-26.05,0.1605,50000,0.599,0.401,1085,735,315,876
366,-51.64,0.1597,50000,0.507,0.493,682,696,1084,968
367,-14.34,0.1589,50000,0.556,0.444,1134,816,475,395
368,-16.02,0.1581,50000,0.54,0.46,593,473,485,1098
369,-22.99,0.1573,50000,0.654,0.346,1133,518,864,808
370,-31.07,0.1565,50000,0.515,0.485,688,704,1038,916
371,-32.38,0.1557,50000,0.442,0.558,1151,1004,602,443
372,-60.34,0.1549,50000,0.574,0.426,523,962,479,823
373,-37.4,0.1542,50000,0.514,0.486,357,1131,388,823
374,-26.46,0.1534,50000,0.51,0.49,438,739,667,1117
375,-48.61,0.1526,50000,0.625,0.375,1185,463,723,1113
376,-45.27,0.1519,50000,0.651,0.349,890,361,862,390
377,-34.35,0.1511,50000,0.594,0.406,1106,457,497,629
378,-30.56,0.1504,50000,0.394,0.606,324,1192,543,485
379,-41.41,0.1496,50000,0.544,0.456,1178,441,305,879
380,-42.55,0.1489,50000,0.569,0.431,651,1033,765,533
381,-22.35,0.1481,50000,0.59,0.41,474,390,792,918
382,-38.94,0.1474,50000,0.526,0.474,703,836,1152,923
383,-60.73,0.1466,50000,0.649,0.351,871,400,964,465
384,-2.55,0.1459,50000,0.49,0.51,399,708,391,344
385,-45.26,0.1452,50000,0.665,0.335,1067,384,809,778
386,-1.25,0.1444,50000,0.478,0.522,529,623,504,373
387,-1.62,0.1437,50000,0.632,0.368,391,430,934,584
388,-31.71,0.143,50000,0.493,0.507,1035,664,396,753
389,-1.12,0.1423,50000,0.588,0.412,364,461,860,746
390,-77.68,0.1416,50000,0.658,0.342,1035,1059,1119,485
391,-47.53,0.1409,50000,0.526,0.474,482,1157,714,918
392,-46.93,0.1402,50000,0.639,0.361,726,1002,1048,530
393,-56.9,0.1395,50000,0.582,0.418,660,1047,739,345
394,-14.81,0.1388,50000,0.469,0.531,407,873,627,788
395,-29.01,0.1381,50000,0.632,0.368,631,846,893,597
396,-41.16,0.1374,50000,0.599,0.401,362,1193,438,981
397,-51.42,0.1367,50000,0.556,0.444,708,604,829,948
398,-56.69,0.136,50000,0.66,0.34,872,477,1154,744
399,-24.62,0.1353,50000,0.515,0.485,682,862,626,723
400,-6.02,0.1347,50000,0.564,0.436,704,721,754,419
401,-2.49,0.134,50000,0.524,0.476,495,460,513,410
402,-7.94,0.1333,50000,0.354,0.646,479,848,487,437
403,-17.82,0.1326,50000,0.401,0.599,663,839,834,562
404,-26.83,0.132,50000,0.676,0.324,1144,616,362,613
405,-40.65,0.1313,50000,0.721,0.279,1154,395,717,811
406,-45.81,0.1307,50000,0.59,0.41,1015,300,319,1044
407,-30.06,0.13,50000,0.504,0.496,635,741,965,654
408,-48.62,0.1294,50000,0.553,0.447,843,565,352,1015
409,-4.21,0.1287,50000,0.601,0.399,608,399,763,592
410,-14.37,0.1281,50000,0.453,0.547,353,663,983,498
411,-78.98,0.1274,50000,0.65,0.35,643,1001,1055,1196
412,-67.17,0.1268,50000,0.633,0.367,568,1174,1167,1004
413,-40.4,0.1262,50000,0.669,0.331,944,321,813,815
414,-4.72,0.1255,50000,0.719,0.281,306,451,1176,948
415,-61.1,0.1249,50000,0.607,0.393,790,888,918,1146
416,-19.07,0.1243,50000,0.585,0.415,763,989,678,459
417,-41.97,0.1237,50000,0.499,0.501,1152,724,619,584
418,-31.95,0.123,50000,0.533,0.467,721,456,601,1089
419,-6.95,0.1224,50000,0.674,0.326,706,557,863,758
420,-5.99,0.1218,50000,0.525,0.475,656,527,865,497
421,-3.8,0.1212,50000,0.39,0.61,595,697,626,618
422,-35.23,0.1206,50000,0.475,0.525,662,686,982,1095
423,-8.22,0.12,50000,0.397,0.603,464,742,330,723
424,-27.6,0.1194,50000,0.675,0.325,504,1107,721,680
425,-8.76,0.1188,50000,0.372,0.628,311,307,584,915
426,-3.43,0.1182,50000,0.36,0.64,662,455,389,313
427,-41.7,0.1176,50000,0.589,0.411,658,782,332,1167
428,-31.15,0.117,50000,0.632,0.368,564,798,885,1022
429,-22.76,0.1164,50000,0.637,0.362,484,907,817,802
430,-36.18,0.1159,50000,0.54,0.46,1017,650,634,410
431,-10.61,0.1153,50000,0.321,0.679,349,493,536,773
432,-39.34,0.1147,50000,0.593,0.407,832,1039,636,785
433,-43.93,0.1141,50000,0.646,0.354,821,432,1186,771
434,-31.56,0.1136,50000,0.664,0.336,313,1195,658,861
435,-1.78,0.113,50000,0.312,0.688,417,395,579,537
436,-6.75,0.1124,50000,0.375,0.625,801,902,340,453
437,-63.4,0.1119,50000,0.55,0.45,1060,1171,450,1137
438,-55.19,0.1113,50000,0.676,0.324,594,1119,901,506
439,-3.61,0.1107,50000,0.368,0.632,759,385,455,330
440,-56.44,0.1102,50000,0.728,0.272,843,1041,987,1175
441,-5.62,0.1096,50000,0.425,0.575,917,436,763,317
442,-32.87,0.1091,50000,0.376,0.624,700,699,317,724
443,-65.22,0.1085,50000,0.533,0.467,900,1160,491,1043
444,-37.06,0.108,50000,0.669,0.331,555,1047,765,320
445,-2.4,0.1075,50000,0.364,0.636,554,333,738,408
446,-37.28,0.1069,50000,0.594,0.406,564,1027,936,789
447,-34.22,0.1064,50000,0.561,0.439,1041,673,548,688
448,-15.99,0.1059,50000,0.438,0.562,885,352,965,351
449,-1.97,0.1053,50000,0.322,0.678,511,732,470,513
450,-11.1,0.1048,50000,0.436,0.564,1031,1098,395,322
451,-36.06,0.1043,50000,0.588,0.412,1148,843,823,434
452,-77.92,0.1038,50000,0.589,0.411,1189,334,1053,990
453,-20.83,0.1032,50000,0.468,0.532,802,809,847,491
454,-47.73,0.1027,50000,0.568,0.432,1170,379,659,687
455,-26.41,0.1022,50000,0.614,0.386,338,955,981,344
456,-43.77,0.1017,50000,0.6,0.4,416,1188,970,1120
457,-101.1,0.1012,50000,0.64,0.36,1147,756,786,810
458,-43.78,0.1007,50000,0.657,0.343,1115,314,1000,733
459,-1.86,0.1002,50000,0.318,0.682,528,393,448,544
460,-11.0,0.0997,50000,0.471,0.529,1101,1132,411,411
461,-4.46,0.0992,50000,0.281,0.719,328,617,690,807
462,-54.21,0.0987,50000,0.611,0.389,1006,1188,901,720
463,-40.78,0.0982,50000,0.615,0.385,548,837,919,980
464,-19.92,0.0977,50000,0.474,0.526,579,352,519,1075
465,-10.22,0.0972,50000,0.436,0.564,1131,891,567,333
466,-49.09,0.0967,50000,0.586,0.414,1121,1066,449,836
467,-27.2,0.0962,50000,0.646,0.354,301,1001,728,953
468,-1.89,0.0958,50000,0.374,0.626,836,624,439,326
469,-38.77,0.0953,50000,0.642,0.358,1095,624,395,819
470,-60.77,0.0948,50000,0.689,0.311,1017,1184,810,1036
471,-47.89,0.0943,50000,0.672,0.328,900,1095,344,925
472,-60.18,0.0939,50000,0.613,0.388,492,786,1183,488
473,-27.24,0.0934,50000,0.601,0.399,1186,345,322,759
474,-13.29,0.0929,50000,0.65,0.35,336,742,437,1195
475,-17.4,0.0925,50000,0.389,0.611,432,949,725,759
476,-47.41,0.092,50000,0.519,0.481,1006,432,989,669
477,-13.77,0.0915,50000,0.362,0.637,627,775,338,910
478,-41.82,0.0911,50000,0.608,0.392,755,629,1099,400
479,-28.22,0.0906,50000,0.532,0.468,827,889,398,844
480,-39.93,0.0902,50000,0.571,0.429,1096,594,490,1189
481,-55.5,0.0897,50000,0.497,0.503,1186,925,961,479
482,-28.24,0.0893,50000,0.619,0.381,354,932,865,684
483,-75.56,0.0888,50000,0.621,0.379,855,934,962,1032
484,-45.28,0.0884,50000,0.5,0.5,843,393,1131,691
485,-29.2,0.0879,50000,0.439,0.561,794,696,692,970
486,-4.88,0.0875,50000,0.474,0.526,349,799,668,784
487,-5.86,0.0871,50000,0.449,0.551,539,717,722,438
488,-55.11,0.0866,50000,0.596,0.404,1125,720,356,1170
489,-18.34,0.0862,50000,0.633,0.367,328,688,355,1191
490,-77.12,0.0858,50000,0.671,0.329,1095,1023,881,980
491,-32.43,0.0853,50000,0.442,0.558,691,634,1152,1024
492,-50.48,0.0849,50000,0.613,0.388,947,702,1022,1110
493,-2.06,0.0845,50000,0.481,0.519,331,330,939,1038
494,-27.36,0.0841,50000,0.419,0.581,729,485,770,882
495,-6.81,0.0836,50000,0.389,0.611,570,1000,615,671
496,-34.97,0.0832,50000,0.608,0.392,1070,553,619,786
497,-4.24,0.0828,50000,0.499,0.501,559,309,644,1033
498,-28.16,0.0824,50000,0.492,0.508,1126,408,718,630
499,-46.63,0.082,50000,0.603,0.397,718,848,1160,541
500,-26.14,0.0816,50000,0.55,0.45,745,996,923,497
501,-5.98,0.0812,50000,0.499,0.501,328,906,784,838
502,-22.26,0.0808,50000,0.535,0.465,646,1087,711,433
503,-39.56,0.0804,50000,0.585,0.415,1056,309,929,1171
504,-60.19,0.08,50000,0.536,0.464,1033,991,992,583
505,-44.41,0.0796,50000,0.59,0.41,1069,846,517,1050
506,-57.85,0.0792,50000,0.55,0.45,994,491,680,1036
507,-39.76,0.0788,50000,0.493,0.507,710,389,980,478
508,-2.45,0.0784,50000,0.45,0.55,385,367,825,303
509,-35.22,0.078,50000,0.574,0.426,844,812,799,1064
510,-5.31,0.0776,50000,0.487,0.512,552,402,1163,662
511,-19.95,0.0772,50000,0.575,0.425,881,1068,756,345
512,-6.07,0.0768,50000,0.549,0.451,347,1122,433,592
513,-34.69,0.0764,50000,0.475,0.525,1200,955,336,968
514,-42.62,0.076,50000,0.597,0.403,1188,378,868,432
515,-10.87,0.0757,50000,0.544,0.456,564,1074,442,721
516,-7.46,0.0753,50000,0.397,0.603,441,355,445,938
517,-42.99,0.0749,50000,0.619,0.381,1071,918,824,1147
518,-12.21,0.0745,50000,0.435,0.565,1168,932,344,498
519,-45.19,0.0742,50000,0.547,0.453,1054,416,728,935
520,-3.73,0.0738,50000,0.328,0.672,741,393,710,610
521,-48.86,0.0734,50000,0.631,0.369,1138,665,990,860
522,-24.14,0.0731,50000,0.494,0.506,672,1164,647,614
523,-46.24,0.0727,50000,0.526,0.474,1058,380,643,904
524,-14.07,0.0723,50000,0.443,0.557,603,647,1048,739
525,-75.59,0.072,50000,0.553,0.447,1191,1044,503,955
526,-36.87,0.0716,50000,0.522,0.478,951,607,934,711
527,-4.79,0.0712,50000,0.383,0.617,889,639,437,374
528,-30.87,0.0709,50000,0.463,0.537,1107,509,427,754
529,-10.35,0.0705,50000,0.453,0.547,1178,476,368,451
530,-40.66,0.0702,50000,0.456,0.544,990,366,343,998
531,-61.82,0.0698,50000,0.547,0.453,876,848,1116,850
532,-53.75,0.0695,50000,0.519,0.481,378,859,1055,781
533,-53.79,0.0691,50000,0.514,0.486,993,1129,938,847
534,-51.96,0.0688,50000,0.501,0.499,1137,777,779,692
535,-40.3,0.0684,50000,0.494,0.506,604,575,883,1083
536,-2.64,0.0681,50000,0.367,0.633,610,326,701,413
537,-13.41,0.0678,50000,0.512,0.487,1079,382,468,708
538,-35.98,0.0674,50000,0.517,0.483,495,1045,429,1030
539,-48.2,0.0671,50000,0.458,0.542,837,816,533,966
540,-20.93,0.0668,50000,0.549,0.451,564,532,535,1126
541,-43.17,0.0664,50000,0.474,0.526,833,733,690,1082
542,-34.12,0.0661,50000,0.503,0.497,724,365,373,1143
543,-40.83,0.0658,50000,0.54,0.46,1125,567,1051,428
544,-54.7,0.0654,50000,0.549,0.451,757,1160,974,981
545,-53.76,0.0651,50000,0.567,0.433,1111,541,960,855
546,-45.92,0.0648,50000,0.471,0.529,701,554,472,965
547,-1.88,0.0645,50000,0.317,0.683,333,682,310,482
548,-12.18,0.0641,50000,0.379,0.621,517,536,438,883
549,-6.67,0.0638,50000,0.31,0.69,691,338,547,452
550,-64.46,0.0635,50000,0.678,0.322,1176,1090,1043,1187
551,-10.06,0.0632,50000,0.31,0.69,544,909,512,668
552,-57.2,0.0629,50000,0.415,0.585,864,866,762,549
553,-3.21,0.0625,50000,0.383,0.617,448,403,473,929
554,-21.85,0.0622,50000,0.508,0.492,1176,540,317,863
555,-50.57,0.0619,50000,0.45,0.55,958,1087,875,637
556,-41.71,0.0616,50000,0.472,0.528,551,1075,1188,491
557,-11.87,0.0613,50000,0.537,0.463,481,999,767,503
558,-31.62,0.061,50000,0.575,0.425,905,316,989,484
559,-36.34,0.0607,50000,0.54,0.46,544,612,1145,486
560,-38.27,0.0604,50000,0.533,0.467,587,363,420,1071
561,-59.24,0.0601,50000,0.628,0.372,877,1073,883,1086
562,-7.11,0.0598,50000,0.276,0.724,329,688,708,576
563,-2.16,0.0595,50000,0.351,0.649,891,780,581,332
564,-10.19,0.0592,50000,0.451,0.549,896,411,526,782
565,-47.21,0.0589,50000,0.524,0.476,657,1193,727,690
566,-24.2,0.0586,50000,0.557,0.443,557,531,651,1159
567,-10.89,0.0583,50000,0.517,0.483,885,420,493,776
568,-25.21,0.058,50000,0.432,0.568,1083,510,657,664
569,-37.74,0.0577,50000,0.589,0.411,907,681,499,1130
570,-52.13,0.0574,50000,0.471,0.529,855,964,1162,840
571,-55.26,0.0571,50000,0.476,0.524,682,1130,1167,877
572,-46.42,0.0569,50000,0.579,0.421,400,864,643,1086
573,-10.63,0.0566,50000,0.438,0.562,681,1099,417,479
574,-3.09,0.0563,50000,0.214,0.786,634,587,448,789
575,-8.19,0.056,50000,0.306,0.694,789,428,353,806
576,-7.92,0.0557,50000,0.39,0.61,741,589,329,964
577,-49.26,0.0555,50000,0.693,0.307,1094,614,691,1196
578,-33.93,0.0552,50000,0.675,0.325,896,686,412,1114
579,-4.69,0.0549,50000,0.512,0.487,392,982,547,303
580,-5.15,0.0546,50000,0.364,0.636,991,626,541,574
581,-33.3,0.0544,50000,0.54,0.46,994,505,518,1117
582,-21.65,0.0541,50000,0.665,0.335,640,821,1099,348
583,-1.08,0.0538,50000,0.41,0.59,434,630,623,437
584,-6.12,0.0535,50000,0.54,0.46,411,701,362,994
585,-6.52,0.0533,50000,0.507,0.493,1173,314,507,339
586,-12.91,0.053,50000,0.494,0.506,902,455,602,873
587,-14.05,0.0527,50000,0.406,0.594,789,732,832,713
588,-14.94,0.0525,50000,0.515,0.485,351,625,1102,549
589,-10.87,0.0522,50000,0.425,0.575,568,518,1052,794
590,-32.62,0.052,50000,0.703,0.297,320,1102,1198,399
591,-3.12,0.0517,50000,0.385,0.615,873,688,321,675
592,-4.74,0.0514,50000,0.417,0.583,567,350,1094,986
593,-5.87,0.0512,50000,0.314,0.686,675,378,725,625
594,-26.0,0.0509,50000,0.544,0.456,1133,759,779,596
595,-40.89,0.0507,50000,0.6,0.4,858,1076,1047,528
596,-6.22,0.0504,50000,0.5,0.5,422,683,653,976
597,-55.48,0.0502,50000,0.485,0.515,857,705,1034,1005
598,-34.98,0.05,50000,0.562,0.438,918,897,307,1033
599,-39.5,0.05,50000,0.581,0.419,1131,905,579,724
600,-38.44,0.05,50000,0.568,0.432,727,705,378,1076
601,-21.2,0.05,50000,0.501,0.499,742,779,1091,765
602,-42.4,0.05,50000,0.642,0.358,1110,1098,690,844
603,-3.55,0.05,50000,0.342,0.658,551,338,802,302
604,-13.46,0.05,50000,0.567,0.433,383,544,539,1171
605,-5.55,0.05,50000,0.489,0.511,469,1113,496,385
606,-7.71,0.05,50000,0.433,0.567,1179,391,576,556
607,-37.2,0.05,50000,0.544,0.456,1089,367,707,601
608,-41.76,0.05,50000,0.585,0.415,953,906,490,1104
609,-5.73,0.05,50000,0.342,0.658,621,632,859,645
610,-30.61,0.05,50000,0.483,0.517,876,382,748,1149
611,-48.49,0.05,50000,0.662,0.338,1138,1182,812,1018
612,-39.52,0.05,50000,0.497,0.503,906,770,1108,529
613,-37.72,0.05,50000,0.683,0.317,387,1182,1101,813
614,-2.13,0.05,50000,0.132,0.868,301,559,625,360
615,-50.67,0.05,50000,0.674,0.326,672,990,598,1094
616,-39.17,0.05,50000,0.657,0.343,876,360,1168,722
617,-33.13,0.05,50000,0.365,0.635,804,366,504,1084
618,-15.89,0.05,50000,0.575,0.425,644,976,660,600
619,-61.64,0.05,50000,0.464,0.536,768,713,936,302
620,-4.44,0.05,50000,0.358,0.642,666,591,518,756
621,-31.8,0.05,50000,0.649,0.351,953,1021,833,1085
622,-3.54,0.05,50000,0.269,0.731,731,341,402,327
623,-61.53,0.05,50000,0.637,0.362,1060,1084,1144,1010
624,-28.63,0.05,50000,0.571,0.429,966,356,768,402
625,-25.11,0.05,50000,0.429,0.571,692,758,490,847
626,-38.08,0.05,50000,0.55,0.45,1122,547,390,1169
627,-41.08,0.05,50000,0.536,0.464,529,1118,1079,600
628,-7.96,0.05,50000,0.403,0.597,657,856,667,449
629,-8.66,0.05,50000,0.415,0.585,433,484,1010,470
630,-12.0,0.05,50000,0.346,0.654,771,453,434,673
631,-51.1,0.05,50000,0.471,0.529,1135,1073,1194,708
632,-79.58,0.05,50000,0.721,0.279,1023,890,1079,1032
633,-44.79,0.05,50000,0.657,0.343,1137,361,662,1104
634,-10.44,0.05,50000,0.449,0.551,608,847,408,678
635,-31.1,0.05,50000,0.433,0.567,679,441,782,772
636,-61.56,0.05,50000,0.608,0.392,602,1095,952,1148
637,-53.39,0.05,50000,0.639,0.361,826,992,1081,1062
638,-49.48,0.05,50000,0.524,0.476,542,1024,1050,549
639,-13.36,0.05,50000,0.529,0.471,885,346,577,626
640,-29.25,0.05,50000,0.603,0.397,471,723,766,839
641,-28.41,0.05,50000,0.422,0.578,1012,868,717,682
642,-2.77,0.05,50000,0.463,0.537,381,360,1070,406
643,-36.95,0.05,50000,0.512,0.487,474,1083,878,663
644,-6.86,0.05,50000,0.425,0.575,707,543,452,423
645,-54.94,0.05,50000,0.549,0.451,396,1125,1132,1090
646,-31.12,0.05,50000,0.592,0.408,744,975,879,404
647,-3.93,0.05,50000,0.308,0.692,413,932,582,513
648,-7.67,0.05,50000,0.438,0.562,833,550,557,503
649,-40.6,0.05,50000,0.542,0.458,1043,679,1065,449
650,-10.36,0.05,50000,0.382,0.618,776,712,576,609
651,-10.72,0.05,50000,0.263,0.738,401,648,328,946
652,-51.93,0.05,50000,0.549,0.451,858,895,952,1142
653,-15.39,0.05,50000,0.592,0.408,697,418,953,491
654,-47.3,0.05,50000,0.482,0.518,420,1130,857,703
655,-34.16,0.05,50000,0.576,0.424,1195,862,333,763
656,-51.11,0.05,50000,0.59,0.41,783,1181,1190,516
657,-56.44,0.05,50000,0.628,0.372,988,1013,995,523
658,-7.81,0.05,50000,0.36,0.64,680,774,640,423
659,-21.72,0.05,50000,0.635,0.365,1139,342,412,866
660,-38.85,0.05,50000,0.532,0.468,1196,561,1181,337
661,-27.17,0.05,50000,0.614,0.386,608,1147,774,494
662,-24.09,0.05,50000,0.607,0.393,1162,368,506,565
663,-29.22,0.05,50000,0.5,0.5,1110,894,373,526
664,-2.08,0.05,50000,0.3,0.7,929,309,307,467
665,-39.11,0.05,50000,0.628,0.372,806,351,1071,779
666,-6.09,0.05,50000,0.278,0.722,720,865,319,784
667,-10.83,0.05,50000,0.432,0.568,593,502,949,615
668,-14.16,0.05,50000,0.386,0.614,378,755,683,810
669,-32.74,0.05,50000,0.611,0.389,464,948,834,941
670,-2.17,0.05,50000,0.301,0.699,692,1071,486,423
671,-7.14,0.05,50000,0.19,0.81,507,801,314,752
672,-2.1,0.05,50000,0.178,0.822,783,328,352,702
673,-37.66,0.05,50000,0.668,0.332,898,620,1072,304
674,-59.88,0.05,50000,0.476,0.524,990,936,843,796
675,-49.24,0.05,50000,0.522,0.478,418,1051,1160,647
676,-42.5,0.05,50000,0.542,0.458,1145,701,387,993
677,-11.96,0.05,50000,0.512,0.487,645,1108,650,460
678,-38.2,0.05,50000,0.535,0.465,909,362,877,521
679,-5.58,0.05,50000,0.501,0.499,472,837,628,596
680,-37.63,0.05,50000,0.606,0.394,875,939,865,1036
681,-44.45,0.05,50000,0.533,0.467,861,1094,510,911
682,-47.96,0.05,50000,0.656,0.344,968,962,537,1157
683,-2.58,0.05,50000,0.414,0.586,403,398,858,847
684,-6.92,0.05,50000,0.472,0.528,872,1166,382,626
685,-8.15,0.05,50000,0.558,0.442,828,462,1022,490
686,-50.75,0.05,50000,0.6,0.4,1028,1115,645,1116
687,-37.1,0.05,50000,0.613,0.388,986,398,758,866
688,-42.61,0.05,50000,0.593,0.407,1113,800,820,713
689,-10.22,0.05,50000,0.606,0.394,760,374,1040,1123
690,-65.37,0.05,50000,0.688,0.312,986,831,1084,1041
691,-37.77,0.05,50000,0.526,0.474,873,557,449,1109
692,-3.52,0.05,50000,0.468,0.532,787,851,806,639
693,-8.89,0.05,50000,0.585,0.415,980,1193,664,446
694,-119.28,0.05,50000,0.628,0.372,685,1095,938,794
695,-12.56,0.05,50000,0.679,0.321,1200,404,662,338
696,-20.77,0.05,50000,0.542,0.458,1083,890,660,693
697,-3.99,0.05,50000,0.61,0.39,446,617,856,341
698,-0.85,0.05,50000,0.347,0.653,375,311,330,552
699,-43.95,0.05,50000,0.585,0.415,923,513,548,1102
700,-4.71,0.05,50000,0.471,0.529,470,702,782,796
701,-6.21,0.05,50000,0.511,0.489,413,910,313,942
702,-23.05,0.05,50000,0.438,0.562,1003,1005,718,404
703,-43.71,0.05,50000,0.433,0.567,784,822,1066,921
704,-21.74,0.05,50000,0.551,0.449,1040,898,809,315
705,-5.61,0.05,50000,0.432,0.568,348,1012,515,504
706,-65.97,0.05,50000,0.556,0.444,1000,1152,1081,1080
707,-53.63,0.05,50000,0.7,0.3,1021,653,1110,1124
708,-51.26,0.05,50000,0.64,0.36,699,1056,1180,1093
709,-2.29,0.05,50000,0.286,0.714,904,501,382,498
710,-34.41,0.05,50000,0.557,0.443,704,937,883,427
711,-58.75,0.05,50000,0.496,0.504,406,1017,1182,926
712,-52.3,0.05,50000,0.547,0.453,1166,1006,415,1141
713,-62.5,0.05,50000,0.632,0.368,923,811,1168,1199
714,-17.99,0.05,50000,0.406,0.594,1009,1141,646,608
715,-49.28,0.05,50000,0.597,0.403,692,1114,846,517
716,-6.34,0.05,50000,0.329,0.671,986,1192,433,491
717,-6.62,0.05,50000,0.594,0.406,570,451,1104,617
718,-5.13,0.05,50000,0.311,0.689,451,694,344,985
719,-17.38,0.05,50000,0.512,0.487,321,704,1104,661
720,-10.7,0.05,50000,0.576,0.424,509,1196,647,779
721,-39.4,0.05,50000,0.489,0.511,407,587,1196,316
722,-4.11,0.05,50000,0.525,0.475,904,527,517,395
723,-42.4,0.05,50000,0.571,0.429,863,821,987,895
724,-44.42,0.05,50000,0.468,0.532,675,953,872,747
725,-7.32,0.05,50000,0.267,0.733,610,829,346,461
726,-61.74,0.05,50000,0.456,0.544,675,924,1198,1117
727,-31.33,0.05,50000,0.553,0.447,1004,747,441,889
728,-54.12,0.05,50000,0.657,0.343,1052,422,1049,577
729,-47.48,0.05,50000,0.535,0.465,952,532,643,988
730,-13.49,0.05,50000,0.539,0.461,815,663,913,638
731,-3.86,0.05,50000,0.375,0.625,444,388,853,924
732,-32.11,0.05,50000,0.464,0.536,606,924,529,821
733,-29.94,0.05,50000,0.631,0.369,873,909,897,655
734,-22.49,0.05,50000,0.592,0.408,1151,589,484,658
735,-46.33,0.05,50000,0.503,0.497,1011,572,931,741
736,-40.49,0.05,50000,0.515,0.485,813,1114,1166,939
737,-24.77,0.05,50000,0.628,0.372,1076,786,667,776
738,-31.83,0.05,50000,0.481,0.519,699,777,877,528
739,-36.7,0.05,50000,0.625,0.375,794,802,703,1089
740,-45.25,0.05,50000,0.728,0.272,1008,907,477,1196
741,-21.52,0.05,50000,0.447,0.553,402,644,1011,991
742,-10.26,0.05,50000,0.644,0.356,1085,565,634,671
743,-116.18,0.05,50000,0.794,0.206,835,556,395,1164
744,-14.27,0.05,50000,0.546,0.454,761,946,841,394
745,-21.27,0.05,50000,0.754,0.246,975,675,449,719
746,-5.44,0.05,50000,0.412,0.588,824,467,748,536
747,-17.64,0.05,50000,0.261,0.739,569,445,1019,991
748,-6.02,0.05,50000,0.514,0.486,748,795,772,721
749,-38.6,0.05,50000,0.639,0.361,351,1044,719,928
750,-55.07,0.05,50000,0.576,0.424,1022,415,870,314
751,-6.47,0.05,50000,0.312,0.688,665,372,950,707
752,-10.73,0.05,50000,0.415,0.585,563,1091,497,418
753,-14.35,0.05,50000,0.301,0.699,488,423,1089,1055
754,-35.31,0.05,50000,0.667,0.333,530,1036,932,1015
755,-15.1,0.05,50000,0.626,0.374,595,343,575,1162
756,-15.04,0.05,50000,0.458,0.542,976,699,760,462
757,-24.66,0.05,50000,0.676,0.324,677,1177,869,952
758,-48.78,0.05,50000,0.688,0.312,1150,444,985,903
759,-42.98,0.05,50000,0.64,0.36,628,829,610,996
760,-6.91,0.05,50000,0.368,0.632,526,756,485,688
761,-22.2,0.05,50000,0.539,0.461,423,661,825,1195
762,-14.12,0.05,50000,0.528,0.472,566,382,870,1168
763,-33.57,0.05,50000,0.578,0.422,891,563,1059,690
764,-7.24,0.05,50000,0.668,0.332,1177,902,344,434
765,-12.04,0.05,50000,0.49,0.51,587,956,872,475
766,-5.69,0.05,50000,0.613,0.388,842,843,460,513
767,-3.78,0.05,50000,0.593,0.407,949,720,307,502
768,-62.14,0.05,50000,0.682,0.318,1068,388,1054,911
769,-22.72,0.05,50000,0.575,0.425,1140,728,463,557
770,-49.29,0.05,50000,0.706,0.294,1002,968,847,1038
771,-4.1,0.05,50000,0.606,0.394,1163,605,370,430
772,-32.33,0.05,50000,0.599,0.401,523,1078,818,765
773,-70.37,0.05,50000,0.576,0.424,1053,484,825,448
774,-2.5,0.05,50000,0.393,0.607,663,327,435,458
775,-7.58,0.05,50000,0.336,0.664,921,707,835,341
776,-5.17,0.05,50000,0.318,0.682,621,592,707,634
777,-7.58,0.05,50000,0.438,0.562,502,613,363,1055
778,-36.39,0.05,50000,0.565,0.435,1005,892,699,684
779,-34.22,0.05,50000,0.682,0.318,1009,764,522,1074
780,-5.84,0.05,50000,0.442,0.558,787,886,831,401
781,-18.09,0.05,50000,0.472,0.528,454,405,1042,963
782,-4.85,0.05,50000,0.347,0.653,531,615,570,950
783,-31.87,0.05,50000,0.549,0.451,754,888,998,582
784,-43.24,0.05,50000,0.606,0.394,964,898,776,924
785,-28.73,0.05,50000,0.503,0.497,434,837,1168,538
786,-5.65,0.05,50000,0.285,0.715,385,466,890,783
787,-64.45,0.05,50000,0.667,0.333,1175,1174,375,728
788,-41.99,0.05,50000,0.483,0.517,1024,554,932,343
789,-16.9,0.05,50000,0.485,0.515,845,1102,641,628
790,-3.11,0.05,50000,0.486,0.514,300,309,1136,931
791,-27.22,0.05,50000,0.542,0.458,1049,1126,523,692
792,-24.72,0.05,50000,0.621,0.379,404,849,873,1018
793,-3.84,0.05,50000,0.429,0.571,621,860,451,791
794,-4.25,0.05,50000,0.471,0.529,915,1007,355,343
795,-53.54,0.05,50000,0.644,0.356,996,1108,733,884
796,-26.82,0.05,50000,0.617,0.383,948,951,1079,777
797,-2.95,0.05,50000,0.569,0.431,1027,381,351,355
798,-3.63,0.05,50000,0.594,0.406,913,874,499,538
799,-4.31,0.05,50000,0.319,0.681,328,888,589,712
800,-5.69,0.05,50000,0.5,0.5,580,590,805,1085
801,-26.91,0.05,50000,0.489,0.511,508,720,984,320
802,-24.05,0.05,50000,0.59,0.41,344,777,954,1032
803,-15.84,0.05,50000,0.565,0.435,787,451,427,1176
804,-35.13,0.05,50000,0.672,0.328,928,857,560,1151
805,-8.14,0.05,50000,0.581,0.419,1153,832,406,609
806,-8.53,0.05,50000,0.518,0.482,594,1018,311,816
807,-33.06,0.05,50000,0.675,0.325,543,859,1175,994
808,-25.68,0.05,50000,0.658,0.342,583,980,861,1177
809,-34.62,0.05,50000,0.594,0.406,944,434,955,956
810,-31.87,0.05,50000,0.574,0.426,305,1034,723,782
811,-1.99,0.05,50000,0.407,0.593,540,982,364,529
812,-34.0,0.05,50000,0.593,0.407,520,828,674,1097
813,-6.92,0.05,50000,0.45,0.55,720,608,346,926
814,-20.42,0.05,50000,0.525,0.475,658,645,689,1069
815,-35.74,0.05,50000,0.639,0.361,853,1046,1185,383
816,-27.77,0.05,50000,0.533,0.467,782,755,596,1014
817,-21.05,0.05,50000,0.711,0.289,610,1037,744,621
818,-29.36,0.05,50000,0.522,0.478,791,779,460,980
819,-52.88,0.05,50000,0.524,0.476,1025,1012,323,1121
820,-4.35,0.05,50000,0.41,0.59,556,1137,324,535
821,-56.2,0.05,50000,0.686,0.314,886,585,1152,576
822,-5.16,0.05,50000,0.379,0.621,875,554,353,315
823,-3.7,0.05,50000,0.338,0.662,534,650,476,410
824,-52.71,0.05,50000,0.607,0.393,1145,947,1133,1197
825,-8.17,0.05,50000,0.378,0.622,854,726,391,662
826,-7.66,0.05,50000,0.41,0.59,412,430,869,1183
827,-48.4,0.05,50000,0.625,0.375,1010,1083,1161,403
828,-2.27,0.05,50000,0.418,0.582,547,725,647,403
829,-46.79,0.05,50000,0.628,0.372,1103,567,864,850
830,-29.61,0.05,50000,0.613,0.388,897,430,979,509
831,-65.29,0.05,50000,0.5,0.5,1191,445,1023,1117
832,-42.16,0.05,50000,0.594,0.406,1006,582,673,992
833,-43.46,0.05,50000,0.688,0.312,749,1023,806,1102
834,-72.22,0.05,50000,0.464,0.536,749,425,1199,315
835,-10.75,0.05,50000,0.475,0.525,624,823,672,452
836,-44.72,0.05,50000,0.444,0.556,1070,912,907,726
837,-14.57,0.05,50000,0.449,0.551,918,714,559,386
838,-3.78,0.05,50000,0.354,0.646,513,839,603,317
839,-3.5,0.05,50000,0.485,0.515,424,354,1115,1021
840,-19.85,0.05,50000,0.557,0.443,449,643,912,994
841,-11.74,0.05,50000,0.422,0.578,830,774,376,732
842,-45.28,0.05,50000,0.611,0.389,1122,468,1185,1034
843,-11.54,0.05,50000,0.517,0.483,1161,736,494,347
844,-40.37,0.05,50000,0.697,0.303,1013,829,611,1156
845,-29.58,0.05,50000,0.689,0.311,1012,1029,818,490
846,-8.76,0.05,50000,0.338,0.662,637,894,307,456
847,-43.76,0.05,50000,0.494,0.506,845,719,1125,647
848,-7.11,0.05,50000,0.364,0.636,393,347,525,1017
849,-43.91,0.05,50000,0.676,0.324,932,325,788,935
850,-3.31,0.05,50000,0.331,0.669,689,704,542,322
851,-43.28,0.05,50000,0.714,0.286,1013,1061,728,889
852,-22.04,0.05,50000,0.693,0.307,967,737,1118,795
853,-20.5,0.05,50000,0.564,0.436,857,699,1020,712
854,-42.71,0.05,50000,0.632,0.368,614,996,820,1015
855,-22.15,0.05,50000,0.556,0.444,959,835,1036,471
856,-20.42,0.05,50000,0.443,0.557,911,457,748,408
857,-6.59,0.05,50000,0.512,0.487,943,924,554,558
858,-48.33,0.05,50000,0.525,0.475,1188,921,1193,606
859,-23.36,0.05,50000,0.662,0.338,1198,503,338,932
860,-50.45,0.05,50000,0.674,0.326,696,1171,1194,728
861,-13.77,0.05,50000,0.519,0.481,625,312,595,1097
862,-18.92,0.05,50000,0.596,0.404,1199,737,841,661
863,-23.22,0.05,50000,0.582,0.418,764,502,835,1175
864,-3.63,0.05,50000,0.536,0.464,808,1012,481,460
865,-1.82,0.05,50000,0.294,0.706,473,917,323,398
866,-31.8,0.05,50000,0.56,0.44,762,647,1090,659
867,-19.92,0.05,50000,0.615,0.385,865,436,1111,974
868,-19.18,0.05,50000,0.49,0.51,1095,866,477,559
869,-37.81,0.05,50000,0.492,0.508,1166,634,666,725
870,-11.83,0.05,50000,0.406,0.594,505,355,724,1083
871,-8.48,0.05,50000,0.49,0.51,594,770,1088,576
872,-1.74,0.05,50000,0.188,0.812,664,615,333,600
873,-36.81,0.05,50000,0.581,0.419,952,640,407,1020
874,-28.93,0.05,50000,0.583,0.417,1108,1010,697,709
875,-23.92,0.05,50000,0.535,0.465,1183,645,729,570
876,-8.4,0.05,50000,0.503,0.497,493,520,1186,647
877,-5.98,0.05,50000,0.424,0.576,641,970,423,438
878,-3.67,0.05,50000,0.463,0.537,568,551,783,411
879,-52.89,0.05,50000,0.501,0.499,686,1115,744,435
880,-7.22,0.05,50000,0.518,0.482,494,308,998,608
881,-11.82,0.05,50000,0.667,0.333,853,1101,383,700
882,-44.95,0.05,50000,0.649,0.351,1096,1108,844,332
883,-27.28,0.05,50000,0.579,0.421,992,414,921,982
884,-51.14,0.05,50000,0.708,0.292,1062,735,1056,1121
885,-34.36,0.05,50000,0.668,0.332,1058,735,739,1109
886,-47.56,0.05,50000,0.671,0.329,802,988,1045,891
887,-9.0,0.05,50000,0.472,0.528,532,1114,356,627
888,-48.15,0.05,50000,0.544,0.456,609,1089,698,967
889,-43.9,0.05,50000,0.613,0.388,1143,665,1160,507
890,-36.7,0.05,50000,0.6,0.4,947,912,1127,389
891,-10.25,0.05,50000,0.406,0.594,469,485,861,1127
892,-10.97,0.05,50000,0.562,0.438,1135,326,825,432
893,-55.22,0.05,50000,0.64,0.36,743,830,1167,987
894,-3.83,0.05,50000,0.406,0.594,356,968,447,587
895,-47.19,0.05,50000,0.631,0.369,1199,619,966,998
896,-4.06,0.05,50000,0.429,0.571,362,920,561,482
897,-17.79,0.05,50000,0.564,0.436,699,674,1010,1079
898,-36.84,0.05,50000,0.697,0.303,927,1187,758,490
899,-10.07,0.05,50000,0.319,0.681,306,641,693,863
900,-24.13,0.05,50000,0.639,0.361,850,680,1051,807
901,-10.06,0.05,50000,0.394,0.606,386,523,679,1076
902,-5.96,0.05,50000,0.343,0.657,432,511,820,824
903,-4.8,0.05,50000,0.347,0.653,430,545,455,947
904,-8.78,0.05,50000,0.512,0.487,388,590,1172,518
905,-7.45,0.05,50000,0.446,0.554,893,812,709,517
906,-36.36,0.05,50000,0.653,0.347,635,1059,659,860
907,-56.2,0.05,50000,0.625,0.375,1165,1162,791,1187
908,-47.4,0.05,50000,0.464,0.536,997,670,1077,1176
909,-39.23,0.05,50000,0.532,0.468,476,966,751,679
910,-6.87,0.05,50000,0.481,0.519,772,401,806,720
911,-46.79,0.05,50000,0.599,0.401,683,919,699,850
912,-47.95,0.05,50000,0.639,0.361,992,865,495,1188
913,-17.08,0.05,50000,0.508,0.492,699,771,717,1014
914,-34.62,0.05,50000,0.647,0.353,739,1122,434,846
915,-1.01,0.05,50000,0.503,0.497,483,315,431,483
916,-7.03,0.05,50000,0.408,0.592,437,598,442,1040
917,-6.65,0.05,50000,0.522,0.478,862,958,746,368
918,-3.69,0.05,50000,0.394,0.606,576,381,509,958
919,-41.81,0.05,50000,0.578,0.422,890,1047,700,1126
920,-44.13,0.05,50000,0.719,0.281,1020,620,1152,448
921,-22.82,0.05,50000,0.65,0.35,668,1102,772,868
922,-54.46,0.05,50000,0.547,0.453,1005,713,641,1055
923,-6.17,0.05,50000,0.342,0.658,644,657,571,887
924,-4.2,0.05,50000,0.386,0.614,422,574,661,839
925,-5.21,0.05,50000,0.54,0.46,557,585,894,467
926,-9.3,0.05,50000,0.579,0.421,1027,467,828,329
927,-5.29,0.05,50000,0.54,0.46,452,451,1048,331
928,-32.45,0.05,50000,0.674,0.326,958,1133,747,930
929,-12.57,0.05,50000,0.561,0.439,630,455,1151,860
930,-78.8,0.05,50000,0.771,0.229,471,1132,1050,1127
931,-24.23,0.05,50000,0.618,0.382,634,751,374,1073
932,-43.42,0.05,50000,0.647,0.353,918,661,381,1013
933,-27.53,0.05,50000,0.635,0.365,1179,481,523,852
934,-15.37,0.05,50000,0.406,0.594,523,704,300,932
935,-16.74,0.05,50000,0.668,0.332,893,454,995,470
936,-35.58,0.05,50000,0.575,0.425,973,864,957,1133
937,-6.27,0.05,50000,0.44,0.56,309,464,1148,780
938,-37.21,0.05,50000,0.662,0.338,761,980,998,664
939,-19.56,0.05,50000,0.642,0.358,570,833,983,1196
940,-10.33,0.05,50000,0.492,0.508,505,768,1133,381
941,-6.3,0.05,50000,0.392,0.608,489,384,1088,1097
942,-7.69,0.05,50000,0.374,0.626,429,703,1055,357
943,-45.97,0.05,50000,0.636,0.364,914,602,991,826
944,-7.96,0.05,50000,0.518,0.482,745,561,807,983
945,-8.44,0.05,50000,0.511,0.489,667,477,958,1039
946,-1.23,0.05,50000,0.399,0.601,607,325,305,516
947,-12.76,0.05,50000,0.451,0.549,460,1013,697,615
948,-29.48,0.05,50000,0.643,0.357,1051,605,555,1098
949,-43.72,0.05,50000,0.583,0.417,665,809,1130,571
950,-5.04,0.05,50000,0.487,0.512,1022,946,575,577
951,-2.42,0.05,50000,0.21,0.79,388,814,549,608
952,-23.76,0.05,50000,0.529,0.471,756,655,1199,1086
953,-7.31,0.05,50000,0.535,0.465,592,1089,757,451
954,-60.69,0.05,50000,0.533,0.467,764,1111,952,1069
955,-3.24,0.05,50000,0.365,0.635,446,592,669,324
956,-25.88,0.05,50000,0.722,0.278,793,329,1035,795
957,-3.57,0.05,50000,0.469,0.531,453,313,356,801
958,-1.95,0.05,50000,0.526,0.474,978,769,401,508
959,-16.96,0.05,50000,0.501,0.499,896,1030,767,532
960,-46.77,0.05,50000,0.618,0.382,1097,1120,520,926
961,-5.18,0.05,50000,0.589,0.411,413,513,391,1165
962,-23.55,0.05,50000,0.667,0.333,386,926,1131,404
963,-17.9,0.05,50000,0.654,0.346,753,471,529,1163
964,-46.39,0.05,50000,0.59,0.41,1067,1147,814,934
965,-54.24,0.05,50000,0.571,0.429,1046,572,1146,863
966,-33.7,0.05,50000,0.61,0.39,708,975,1092,324
967,-3.15,0.05,50000,0.521,0.479,621,454,496,789
968,-42.86,0.05,50000,0.544,0.456,913,1003,631,1130
969,-6.76,0.05,50000,0.532,0.468,1044,982,595,315
970,-2.74,0.05,50000,0.608,0.392,1056,597,413,482
971,-66.62,0.05,50000,0.607,0.393,492,1199,1179,1196
972,-23.66,0.05,50000,0.393,0.607,611,513,1111,1040
973,-1.15,0.05,50000,0.454,0.546,356,350,614,461
974,-19.82,0.05,50000,0.422,0.578,600,619,1042,1014
975,-61.84,0.05,50000,0.561,0.439,652,1033,748,894
976,-10.36,0.05,50000,0.622,0.378,903,337,815,964
977,-70.96,0.05,50000,0.554,0.446,343,806,1017,1108
978,-30.76,0.05,50000,0.553,0.447,857,894,963,512
979,-14.28,0.05,50000,0.701,0.299,875,750,875,1100
980,-26.41,0.05,50000,0.749,0.251,833,311,1156,404
981,-57.65,0.05,50000,0.601,0.399,380,975,628,1105
982,-34.7,0.05,50000,0.629,0.371,897,954,865,812
983,-23.86,0.05,50000,0.783,0.217,993,615,698,1031
984,-12.39,0.05,50000,0.543,0.457,618,1086,609,443
985,-28.41,0.05,50000,0.613,0.388,585,952,773,982
986,-29.49,0.05,50000,0.558,0.442,1073,873,1163,310
987,-72.53,0.05,50000,0.576,0.424,1089,783,1186,974
988,-6.59,0.05,50000,0.475,0.525,621,468,650,975
989,-55.2,0.05,50000,0.5,0.5,1034,650,1060,837
990,-8.61,0.05,50000,0.653,0.347,865,420,899,766
991,-13.51,0.05,50000,0.661,0.339,741,528,1031,557
992,-8.79,0.05,50000,0.719,0.281,834,392,1034,488
993,-15.06,0.05,50000,0.49,0.51,644,756,1000,436
994,-46.45,0.05,50000,0.619,0.381,816,992,1096,661
995,-12.88,0.05,50000,0.575,0.425,1095,359,713,688
996,-80.19,0.05,50000,0.444,0.556,900,973,1042,1042
997,-19.81,0.05,50000,0.561,0.439,629,1067,778,700
998,-32.39,0.05,50000,0.526,0.474,654,1081,324,1197
999,-40.03,0.05,50000,0.658,0.342,1107,623,1132,387
1000,-16.46,0.05,50000,0.385,0.615,361,885,809,780
